-- USERS

INSERT INTO [Users] ([Id], [Name], [Surname], [Email], [Password], [Type], [Position], [State], [Counters], [AvatarId]) VALUES (N'437d2b01-ed58-4fcf-931a-08dd3251ce0a', N'Admin', N'Admin', N'admin@admin.com', N'wcIksDzZvHtqhtd/XazkAZF2bEhc1V3EjK+ayHMzXW8=', N'Admin', N'Admin', 0, N'{"AssignNewbiesCount":0,"CheckedTasksCount":0,"CreatedTasksCount":0,"CreatedSchoolingsCount":0}', NULL)
INSERT INTO [Users] ([Id], [Name], [Surname], [Email], [Password], [Type], [Position], [State], [Counters], [AvatarId]) VALUES (N'30943099-da50-4271-931c-08dd3251ce0a', N'Adam', N'Małysz', N'Adam@ad.com', N'9/N2ofzQ0OEaEO0bZXfJl4TTprvmabHRP65D62RjT24=', N'Mentor', N'Frontend', 0, N'{"AssignNewbiesCount":0,"CheckedTasksCount":0,"CreatedTasksCount":0,"CreatedSchoolingsCount":0}', NULL)
INSERT INTO [Users] ([Id], [Name], [Surname], [Email], [Password], [Type], [Position], [State], [Counters], [AvatarId]) VALUES (N'7fd8c6b5-9199-49b5-931d-08dd3251ce0a', N'Zbigniew', N'Stonóg', N'Zbig@zbig.com', N'1nVU/n8BwfdxZ+mnDEe9Vim1J9BiSXtUGrxTAZX/sEA=', N'Newbie', N'Backend', 0, N'{"AssignNewbiesCount":0,"CheckedTasksCount":0,"CreatedTasksCount":0,"CreatedSchoolingsCount":0}', NULL)
INSERT INTO [Users] ([Id], [Name], [Surname], [Email], [Password], [Type], [Position], [State], [Counters], [AvatarId]) VALUES (N'd5636dcb-3d4f-4e2d-931e-08dd3251ce0a', N'Krzysztof', N'Krawczyk', N'krawczyk@kraw.com', N'EuHIYu33qcxrcxmo5E0e+IGpfsvy6/KYeCNpfnE5+GE=', N'Newbie', N'Frontend', 0, N'{"AssignNewbiesCount":0,"CheckedTasksCount":0,"CreatedTasksCount":0,"CreatedSchoolingsCount":0}', NULL)
INSERT INTO [Users] ([Id], [Name], [Surname], [Email], [Password], [Type], [Position], [State], [Counters], [AvatarId]) VALUES (N'12a34bcd-56ef-7890-1234-56789abcdef0', N'Anna', N'Nowak', N'anna.nowak@example.com', N'd3Lt7F0vJSd3c5S78+X9UVtMmLJeYuCRl9ZyXAc5+ME=', N'Mentor', N'Design', 0, N'{"AssignNewbiesCount":2,"CheckedTasksCount":15,"CreatedTasksCount":5,"CreatedSchoolingsCount":1}', NULL);
INSERT INTO [Users] ([Id], [Name], [Surname], [Email], [Password], [Type], [Position], [State], [Counters], [AvatarId]) VALUES (N'22334455-6677-8899-aabb-ccddeeff0011', N'Marek', N'Kowalski', N'marek.kowalski@example.com', N'YZ45f/7wQdF8jdLU/rTQ7V9tMwBJjUCrKZnHyAe3+XY=', N'Admin', N'DevOps', 0, N'{"AssignNewbiesCount":0,"CheckedTasksCount":0,"CreatedTasksCount":10,"CreatedSchoolingsCount":2}', NULL);
INSERT INTO [Users] ([Id], [Name], [Surname], [Email], [Password], [Type], [Position], [State], [Counters], [AvatarId]) VALUES (N'abcdef01-2345-6789-0123-456789abcdef', N'Piotr', N'Szymański', N'piotr.szymanski@example.com', N'AbCdEfGhIjKlMnOpQrStUvWxYz1234567890+/==', N'Newbie', N'Testing', 0, N'{"AssignNewbiesCount":0,"CheckedTasksCount":1,"CreatedTasksCount":0,"CreatedSchoolingsCount":0}', NULL);
INSERT INTO [Users] ([Id], [Name], [Surname], [Email], [Password], [Type], [Position], [State], [Counters], [AvatarId]) VALUES (N'34567890-1234-5678-90ab-cdef01234567', N'Joanna', N'Wiśniewska', N'joanna.wisniewska@example.com', N'MNoPqRsTuVwXyZ0123456789+/==AbCdEfGhIjKl==', N'Newbie', N'Marketing', 0, N'{"AssignNewbiesCount":0,"CheckedTasksCount":0,"CreatedTasksCount":0,"CreatedSchoolingsCount":0}', NULL);
INSERT INTO [Users] ([Id], [Name], [Surname], [Email], [Password], [Type], [Position], [State], [Counters], [AvatarId]) VALUES (N'45678901-2345-6789-0abc-def123456789', N'Karolina', N'Wróbel', N'karolina.wrobel@example.com', N'OpQrStUvWxYz1234567890+/==AbCdEfGhIjKlMn==', N'Mentor', N'HR', 0, N'{"AssignNewbiesCount":5,"CheckedTasksCount":20,"CreatedTasksCount":3,"CreatedSchoolingsCount":1}', NULL);
INSERT INTO [Users] ([Id], [Name], [Surname], [Email], [Password], [Type], [Position], [State], [Counters], [AvatarId]) VALUES (N'56789012-3456-7890-abcd-ef0123456789', N'Łukasz', N'Dąbrowski', N'lukasz.dabrowski@example.com', N'WXyZ1234567890+/==AbCdEfGhIjKlMnOpQrStUv==', N'Admin', N'Data Science', 0, N'{"AssignNewbiesCount":1,"CheckedTasksCount":25,"CreatedTasksCount":7,"CreatedSchoolingsCount":3}', NULL);
INSERT INTO [Users] ([Id], [Name], [Surname], [Email], [Password], [Type], [Position], [State], [Counters], [AvatarId]) VALUES (N'67890123-4567-8901-bcde-f0123456789a', N'Monika', N'Kaczmarek', N'monika.kaczmarek@example.com', N'UVWxYz1234567890+/==AbCdEfGhIjKlMnOpQrSt==', N'Newbie', N'Sales', 0, N'{"AssignNewbiesCount":0,"CheckedTasksCount":0,"CreatedTasksCount":0,"CreatedSchoolingsCount":0}', NULL);
INSERT INTO [Users] ([Id], [Name], [Surname], [Email], [Password], [Type], [Position], [State], [Counters], [AvatarId]) VALUES (N'78901234-5678-9012-cdef-0123456789ab', N'Artur', N'Kwiatkowski', N'artur.kwiatkowski@example.com', N'Yz1234567890+/==AbCdEfGhIjKlMnOpQrStUvWx==', N'Mentor', N'Backend', 0, N'{"AssignNewbiesCount":4,"CheckedTasksCount":30,"CreatedTasksCount":10,"CreatedSchoolingsCount":5}', NULL);
INSERT INTO [Users] ([Id], [Name], [Surname], [Email], [Password], [Type], [Position], [State], [Counters], [AvatarId]) VALUES (N'04D68924-791D-4022-F2E3-08DD33FC8FD5', N'Mentor', N'Mentor', N'mentor@mentor.com', N'4Ge8MDQsMVAgQmrTfkjgImLMfICyV3dOxp8+E5ceBSI=', N'Mentor', N'Mentor', 0, N'{"AssignNewbiesCount":1,"CheckedTasksCount":2,"CreatedTasksCount":3,"CreatedSchoolingsCount":4}', NULL);
INSERT INTO [Users] ([Id], [Name], [Surname], [Email], [Password], [Type], [Position], [State], [Counters], [AvatarId]) VALUES (N'555843BB-B38F-4387-F2E2-08DD33FC8FD5', N'Newbie', N'Newbie', N'newbie@newbie.com', N'Shl8KZaah7sh2KvRhQ7wkzrRnrQ5TaAZ3YNgfP6HRmY=', N'Newbie', N'Newbie', 0, N'{"AssignNewbiesCount":0,"CheckedTasksCount":0,"CreatedTasksCount":0,"CreatedSchoolingsCount":0}', NULL);

-- CATEGORIES
SET IDENTITY_INSERT [Categories] ON
INSERT INTO [Categories] ([Id], [Name], [State]) VALUES (1, N'Programowanie', 0);
INSERT INTO [Categories] ([Id], [Name], [State]) VALUES (2, N'Projektowanie', 0);
INSERT INTO [Categories] ([Id], [Name], [State]) VALUES (3, N'Marketing', 0);
INSERT INTO [Categories] ([Id], [Name], [State]) VALUES (4, N'Analiza Danych', 0);
INSERT INTO [Categories] ([Id], [Name], [State]) VALUES (5, N'Testowanie Oprogramowania', 0);
SET IDENTITY_INSERT [Categories] OFF

-- FAQS
SET IDENTITY_INSERT [Faqs] ON
INSERT INTO [Faqs] ([Id], [Question], [Answer], [MaterialId], [State]) VALUES (1, N'Jakie sa zalety korzystania z naszej platformy?', N'Nasza platforma oferuje wiele zalet, które wyrózniaja ja na tle konkurencji. Przede wszystkim, zapewnia dostep do szerokiego wachlarza narzedzi, które umozliwiaja uzytkownikom szybkie i efektywne zarzadzanie swoimi zadaniami. Ponadto, dzieki intuicyjnemu interfejsowi, korzystanie z platformy jest bardzo proste, nawet dla osób, które nie maja doswiadczenia w technologii. Platforma jest równiez regularnie aktualizowana, co zapewnia jej nowoczesnosc i zgodnosc z najnowszymi trendami rynkowymi. Uzytkownicy moga liczyc na wsparcie techniczne oraz szybki dostep do pomocy w razie problemów.', NULL, 0)
INSERT INTO [Faqs] ([Id], [Question], [Answer], [MaterialId], [State]) VALUES (2, N'Czym rózni sie nasza oferta od konkurencji?', N'Nasza oferta rózni sie od konkurencji przede wszystkim podejsciem do klienta. Zamiast skupiac sie tylko na sprzedazy, my staramy sie zrozumiec potrzeby naszych uzytkowników i dostarczac im rozwiazania dopasowane do ich indywidualnych wymagan. Nasza platforma umozliwia dostosowanie do konkretnych branz, co zapewnia jeszcze lepsza funkcjonalnosc. Dodatkowo, oferujemy elastyczne opcje platnosci oraz wsparcie na kazdym etapie wspólpracy, co sprawia, ze nasza oferta jest bardziej przystepna i kompleksowa. Nasza dedykowana obsluga klienta jest dostepna 24/7, co daje poczucie bezpieczenstwa i pewnosci, ze uzytkownicy zawsze otrzymaja pomoc, kiedy jej potrzebuja.', NULL, 0)
INSERT INTO [Faqs] ([Id], [Question], [Answer], [MaterialId], [State]) VALUES (3, N'Jakie sa glówne funkcje naszej aplikacji mobilnej?', N'Aplikacja mobilna naszej platformy oferuje szereg funkcji, które umozliwiaja wygodne zarzadzanie zadaniami i projektami w dowolnym miejscu i czasie. Uzytkownicy moga synchronizowac swoje dane z kontem, otrzymywac powiadomienia o nadchodzacych wydarzeniach, a takze miec dostep do szczególowych raportów i statystyk. Aplikacja pozwala na latwe przypisywanie zadan, komunikowanie sie z zespolem oraz sledzenie postepów pracy. Dodatkowo, oferuje funkcje offline, dzieki której uzytkownicy moga kontynuowac prace nawet w miejscach bez dostepu do internetu. Aplikacja jest dostepna na urzadzenia z systemami Android oraz iOS i jest regularnie aktualizowana, aby zapewnic najwyzsza jakosc dzialania.', NULL, 0)
INSERT INTO [Faqs] ([Id], [Question], [Answer], [MaterialId], [State]) VALUES (4, N'Jakie plany rozwoju ma nasza firma na przyszlosc?', N'Nasza firma stawia na innowacje i ciagly rozwój, dlatego mamy ambitne plany na przyszlosc. W najblizszych latach planujemy rozszerzenie naszej oferty o nowe funkcjonalnosci, które beda jeszcze bardziej dostosowane do potrzeb naszych uzytkowników. Pracujemy nad rozwojem sztucznej inteligencji i automatyzacji, aby jeszcze bardziej usprawnic nasze rozwiazania. Planujemy równiez ekspansje na nowe rynki miedzynarodowe, co pozwoli nam dotrzec do szerszej grupy klientów. Naszym celem jest stale podnoszenie jakosci naszych uslug, aby oferowac uzytkownikom narzedzia, które beda ich wspieraly w codziennej pracy i pozwalaly osiagac jeszcze lepsze wyniki.', NULL, 0)
INSERT INTO [Faqs] ([Id], [Question], [Answer], [MaterialId], [State]) VALUES (5, N'Jakie technologie sa wykorzystywane w naszej platformie?', N'Nasza platforma opiera sie na nowoczesnych technologiach, które zapewniaja jej niezawodnosc, skalowalnosc i bezpieczenstwo. Korzystamy z najnowszych rozwiazan chmurowych, co pozwala na elastyczne zarzadzanie danymi oraz ich latwa synchronizacje w czasie rzeczywistym. Dodatkowo, platforma jest zbudowana na bazie technologii takich jak JavaScript, React, Node.js oraz Python, co zapewnia jej wysoka wydajnosc i mozliwosc latwego rozszerzania funkcji. Dbamy takze o bezpieczenstwo danych, stosujac szyfrowanie na kazdym etapie ich przetwarzania. Nasze uslugi sa zgodne z najlepszymi standardami branzowymi, w tym z regulacjami RODO, co daje naszym uzytkownikom pewnosc, ze ich dane sa w pelni chronione.', NULL, 0)
INSERT INTO [Faqs] ([Id], [Question], [Answer], [MaterialId], [State]) VALUES (6, N'Jakie sa korzysci z integracji naszej platformy z innymi narzedziami?', N'Integracja naszej platformy z innymi popularnymi narzedziami umozliwia uzytkownikom jeszcze latwiejsze zarzadzanie swoimi zadaniami i projektami. Dzieki mozliwosci synchronizacji z aplikacjami, które juz sa wykorzystywane przez firmy, uzytkownicy moga zaoszczedzic czas i uniknac koniecznosci recznego wprowadzania danych. Dodatkowo, integracja pozwala na tworzenie bardziej zlozonych procesów, automatyzujac wiele czynnosci, co przeklada sie na wzrost efektywnosci. Nasza platforma obsluguje integracje z szeroka gama narzedzi, takich jak systemy CRM, aplikacje do zarzadzania projektami, czy tez narzedzia analityczne, co sprawia, ze jest ona wyjatkowo elastyczna i dostosowana do róznych branz.', NULL, 0)
INSERT INTO [Faqs] ([Id], [Question], [Answer], [MaterialId], [State]) VALUES (7, N'Co to jest model subskrypcyjny i jak dziala w naszej platformie?', N'Model subskrypcyjny naszej platformy daje uzytkownikom mozliwosc dostepu do pelnej funkcjonalnosci narzedzi w ramach róznych planów subskrypcyjnych. W zaleznosci od wybranego planu, uzytkownicy maja dostep do róznych poziomów funkcji, takich jak wieksza ilosc przechowywanych danych, wiecej dostepnych integracji, czy tez dedykowane wsparcie techniczne. Model subskrypcyjny daje takze elastycznosc w doborze odpowiedniego pakietu, co umozliwia firmom dostosowanie kosztów do ich rzeczywistych potrzeb. Subskrypcje sa odnawiane co miesiac lub co rok, w zaleznosci od preferencji uzytkownika, a dzieki naszemu systemowi mozna latwo zarzadzac platnosciami oraz planowac rozwój w dlugim okresie.', NULL, 0)
INSERT INTO [Faqs] ([Id], [Question], [Answer], [MaterialId], [State]) VALUES (8, N'Jakie opcje dostosowywania sa dostepne w naszej platformie?', N'Nasza platforma oferuje szeroka game opcji dostosowywania, dzieki którym uzytkownicy moga stworzyc srodowisko pracy, które najlepiej odpowiada ich potrzebom. Mozliwosci dostosowywania obejmuja m.in. personalizacje interfejsu uzytkownika, mozliwosc tworzenia wlasnych kategorii i tagów, a takze ustawienia powiadomien, które moga byc dostosowane do konkretnych zadan i projektów. Dodatkowo, platforma umozliwia tworzenie niestandardowych raportów i statystyk, które pozwalaja na lepsze monitorowanie wyników. Dzieki temu, niezaleznie od branzy czy wielkosci firmy, kazdy uzytkownik ma mozliwosc stworzenia optymalnego srodowiska pracy, które zwieksza produktywnosc.', NULL, 0)
INSERT INTO [Faqs] ([Id], [Question], [Answer], [MaterialId], [State]) VALUES (9, N'Jakie sa glówne wyzwania zwiazane z cyfryzacja procesów biznesowych?', N'Cyfryzacja procesów biznesowych to proces, który wiaze sie z wieloma wyzwaniami, ale takze z ogromnym potencjalem do poprawy efektywnosci i konkurencyjnosci firmy. Jednym z glównych wyzwan jest integracja nowych technologii z istniejacymi systemami. Wiele firm korzysta z rozwiazan legacy, które nie zawsze latwo wspólpracuja z nowoczesnymi narzedziami. Kolejnym wyzwaniem jest zarzadzanie danymi – koniecznosc zapewnienia ich bezpieczenstwa oraz odpowiedniego przechowywania staje sie coraz bardziej skomplikowana w miare wzrostu ilosci danych. Wspólczesne firmy musza takze zadbac o odpowiednie szkolenia dla swoich pracowników, aby mogli efektywnie wykorzystywac nowe technologie. Pomimo tych trudnosci, cyfryzacja moze przyniesc ogromne korzysci, takie jak zwiekszenie efektywnosci procesów, poprawa komunikacji wewnetrznej, a takze lepsze podejmowanie decyzji dzieki dostepowi do danych w czasie rzeczywistym.', NULL, 0)
INSERT INTO [Faqs] ([Id], [Question], [Answer], [MaterialId], [State]) VALUES (10, N'Jakie sa róznice miedzy wersja darmowa a platna naszej platformy?', N'Wersja darmowa naszej platformy oferuje podstawowe funkcje, które pozwalaja na rozpoczecie pracy i testowanie jej mozliwosci. Uzytkownicy moga korzystac z narzedzi do zarzadzania zadaniami, tworzyc projekty, przypisywac zadania do czlonków zespolu oraz monitorowac postepy. Jednak w wersji darmowej dostepnych jest tylko ograniczona ilosc miejsca na dane i brak dostepu do zaawansowanych funkcji analitycznych i raportowych. Wersja platna, z kolei, daje dostep do pelnej funkcjonalnosci platformy, w tym rozszerzonej przestrzeni dyskowej, integracji z innymi narzedziami, zaawansowanych raportów, a takze priorytetowego wsparcia technicznego. Dodatkowo, w wersji platnej dostepne sa opcje automatyzacji procesów oraz bardziej rozbudowane opcje dostosowywania platformy do specyficznych potrzeb firmy.', NULL, 0)
INSERT INTO [Faqs] ([Id], [Question], [Answer], [MaterialId], [State]) VALUES (11, N'Co zrobic, jesli napotkam problemy techniczne podczas korzystania z platformy?', N'Jesli napotkasz jakiekolwiek problemy techniczne podczas korzystania z naszej platformy, pierwszym krokiem powinno byc sprawdzenie sekcji FAQ oraz materialów pomocy dostepnych na naszej stronie internetowej. Wiele kwestii technicznych, takich jak problemy z logowaniem, synchronizacja danych, czy tez bledami w dzialaniu funkcji, moze zostac szybko rozwiazanych dzieki tym zasobom. Jesli problem nie zostanie rozwiazany, mozesz skontaktowac sie z naszym zespolem wsparcia technicznego, który jest dostepny 24/7. Wystarczy wypelnic formularz kontaktowy na stronie lub skontaktowac sie z nami telefonicznie, a nasz zespól podejmie natychmiastowe dzialania w celu rozwiazania problemu. Nasza obsluga klienta doklada wszelkich staran, aby zapewnic jak najszybsze i najskuteczniejsze rozwiazanie problemu, dbajac o minimalizacje przestojów i zapewniajac komfort uzytkowania naszej platformy.', NULL, 0)
INSERT INTO [Faqs] ([Id], [Question], [Answer], [MaterialId], [State]) VALUES (12, N'Czy platforma jest bezpieczna w uzyciu i jak chronimy dane uzytkowników?', N'Tak, nasza platforma jest wyjatkowo bezpieczna w uzyciu, poniewaz stosujemy najnowsze technologie zabezpieczen, aby chronic dane uzytkowników. Wszystkie dane sa szyfrowane zarówno w trakcie przesylania, jak i przechowywania na naszych serwerach, co minimalizuje ryzyko ich przechwycenia przez osoby nieuprawnione. Ponadto, platforma jest zgodna z miedzynarodowymi standardami ochrony danych, w tym z regulacjami RODO, co oznacza, ze zapewniamy pelna kontrole nad danymi osobowymi naszych uzytkowników. Regularnie przeprowadzamy audyty bezpieczenstwa, aby upewnic sie, ze nasza platforma jest wolna od luk bezpieczenstwa, a takze oferujemy uzytkownikom opcje zarzadzania dostepem, w tym wielopoziomowe uwierzytelnianie i mozliwosc nadawania róznych uprawnien w zaleznosci od roli w organizacji. Dzieki tym srodkom nasi uzytkownicy moga miec pewnosc, ze ich dane sa odpowiednio chronione i zabezpieczone przed nieautoryzowanym dostepem.', NULL, 0)
INSERT INTO [Faqs] ([Id], [Question], [Answer], [MaterialId], [State]) VALUES (13, N'Jakie sa kluczowe zalety automatyzacji procesów w naszej platformie?', N'Automatyzacja procesów jest jedna z kluczowych funkcji naszej platformy, która pozwala uzytkownikom zaoszczedzic czas, zminimalizowac bledy ludzkie oraz zwiekszyc efektywnosc operacyjna. Dzieki zaawansowanym narzedziom do automatyzacji, uzytkownicy moga zaplanowac i zrealizowac zadania bez koniecznosci recznego ich monitorowania. Na przyklad, nasza platforma umozliwia automatyczne przypisywanie zadan do odpowiednich czlonków zespolu na podstawie ich dostepnosci oraz priorytetu zadania. Dodatkowo, procesy raportowania i analizowania wyników sa calkowicie zautomatyzowane, co pozwala na szybki dostep do danych w czasie rzeczywistym. Automatyzacja procesów pomaga równiez w eliminowaniu zbednych czynnosci manualnych, dzieki czemu uzytkownicy moga skupic sie na bardziej strategicznych dzialaniach. Zaleta automatyzacji jest takze optymalizacja wykorzystania zasobów – procesy sa wykonywane szybciej, co przeklada sie na lepsza alokacje czasu i pracy zespolów.', NULL, 0)
INSERT INTO [Faqs] ([Id], [Question], [Answer], [MaterialId], [State]) VALUES (14, N'Czy nasza platforma jest skalowalna i jak dostosowuje sie do rosnacych potrzeb firm?', N'Nasza platforma zostala zaprojektowana z mysla o skalowalnosci, aby mogla rosnac razem z Twoja firma. Dzieki elastycznej architekturze i mozliwosci rozbudowy, platforma moze z latwoscia dostosowac sie do zwiekszajacej sie liczby uzytkowników, danych czy zadan. Skalowalnosc naszej platformy obejmuje zarówno aspekty techniczne, jak i funkcjonalne. Technicznie, platforma jest zbudowana na chmurze, co oznacza, ze zasoby obliczeniowe oraz przestrzen dyskowa mozna latwo dostosowac do aktualnych potrzeb uzytkowników, bez koniecznosci inwestowania w kosztowna infrastrukture. Ponadto, funkcjonalnie platforma oferuje rózne poziomy dostepu, dzieki czemu zarówno male firmy, jak i duze przedsiebiorstwa moga dostosowac jej ustawienia do swoich specyficznych potrzeb. W przypadku firm, które rozwijaja sie i potrzebuja nowych funkcji, nasza platforma pozwala na latwa integracje z innymi narzedziami i systemami, co zapewnia plynne rozszerzanie jej funkcjonalnosci.', NULL, 0)
INSERT INTO [Faqs] ([Id], [Question], [Answer], [MaterialId], [State]) VALUES (15, N'Jakie korzysci plyna z pelnej integracji z systemami ERP i CRM?', N'Pelna integracja naszej platformy z systemami ERP (Enterprise Resource Planning) oraz CRM (Customer Relationship Management) przynosi firmom szereg korzysci, w tym znaczne usprawnienie procesów biznesowych, poprawe efektywnosci zarzadzania danymi oraz lepsze podejmowanie decyzji. Integracja z systemem ERP umozliwia automatyczne synchronizowanie danych dotyczacych zapasów, finansów i zarzadzania zasobami w jednym, spójnym systemie. Dzieki temu, informacje sa dostepne w czasie rzeczywistym, co pozwala na szybsze i dokladniejsze podejmowanie decyzji w obszarze zarzadzania lancuchem dostaw, produkcja czy finansami. Integracja z systemem CRM z kolei pozwala na zarzadzanie relacjami z klientami i automatyzacje procesów sprzedazy, marketingu oraz obslugi klienta. Synchronizacja danych miedzy systemami CRM i ERP zapewnia, ze wszystkie dzialy firmy maja dostep do tych samych, najnowszych informacji, co prowadzi do lepszej komunikacji i wspólpracy wewnetrznej. Korzysci te przekladaja sie na zwiekszona produktywnosc, mniejsze ryzyko bledów oraz wyzszy poziom satysfakcji klientów, dzieki szybkiemu i sprawnemu reagowaniu na ich potrzeby.', NULL, 0)
INSERT INTO [Faqs] ([Id], [Question], [Answer], [MaterialId], [State]) VALUES (16, N'Jakie mechanizmy ochrony prywatnosci danych uzytkowników zostaly wdrozone na naszej platformie?', N'Bezpieczenstwo i ochrona prywatnosci danych uzytkowników sa dla nas priorytetem, dlatego nasza platforma zostala wyposazona w szereg mechanizmów ochrony danych, które zapewniaja, ze wszystkie informacje przechowywane na systemie sa bezpieczne i zgodne z obowiazujacymi przepisami prawa. Po pierwsze, stosujemy najnowsze standardy szyfrowania zarówno dla danych przesylanych, jak i przechowywanych w naszej bazie danych. Kazda interakcja uzytkownika z platforma jest zabezpieczona protokolem HTTPS, co zapobiega przechwytywaniu danych w trakcie transmisji. Dodatkowo, dane przechowywane na naszych serwerach sa szyfrowane przy uzyciu zaawansowanych algorytmów, co zapewnia, ze dostep do nich maja tylko uprawnione osoby. Ponadto, platforma jest zgodna z regulacjami RODO (Rozporzadzenie o Ochronie Danych Osobowych), co oznacza, ze uzytkownicy maja pelna kontrole nad swoimi danymi i moga w kazdej chwili je edytowac lub usunac. Wprowadzilismy takze mechanizmy wielopoziomowego uwierzytelniania (MFA), które zapewniaja, ze dostep do wrazliwych informacji maja tylko osoby posiadajace odpowiednie uprawnienia. Kazdy uzytkownik ma mozliwosc ustalenia poziomu dostepu dla swoich wspólpracowników, co pozwala na jeszcze lepsza kontrole nad dostepem do danych w organizacji. Dodatkowo, regularnie przeprowadzamy audyty bezpieczenstwa oraz testy penetracyjne, aby upewnic sie, ze nasza platforma jest wolna od jakichkolwiek luk w zabezpieczeniach.', NULL, 0)
INSERT INTO [Faqs] ([Id], [Question], [Answer], [MaterialId], [State]) VALUES (17, N'Jakie szkolenia sa dostepne dla uzytkowników platformy i jak moge z nich skorzystac?', N'Aby zapewnic naszym uzytkownikom jak najlepsze doswiadczenie w korzystaniu z platformy, oferujemy szeroki wachlarz szkolen i materialów edukacyjnych, które pomagaja w pelni wykorzystac jej funkcjonalnosci. Nasze szkolenia obejmuja zarówno podstawowe kursy wprowadzajace, jak i zaawansowane sesje dotyczace specyficznych funkcji i narzedzi dostepnych na platformie. Szkolenia te sa dostepne w róznych formatach: od kursów online, które mozna odbyc w dowolnym czasie, przez webinaria na zywo prowadzone przez ekspertów, po indywidualne sesje konsultacyjne dla wiekszych firm. W ramach tych szkolen omawiamy m.in. jak efektywnie zarzadzac projektami i zadaniami, jak korzystac z zaawansowanych narzedzi do analizy danych, oraz jak integrowac nasza platforme z innymi systemami. Wszystkie materialy szkoleniowe sa dostosowane do poziomu zaawansowania uzytkownika, dzieki czemu zarówno nowi uzytkownicy, jak i ci bardziej doswiadczeni, moga znalezc cos odpowiedniego dla siebie. Dodatkowo, dla firm oferujemy mozliwosc organizowania szkolen zamknietych, które moga byc dostosowane do specyficznych potrzeb i procesów zachodzacych w danej organizacji. Uzytkownicy moga równiez skorzystac z bazy wiedzy dostepnej na naszej stronie internetowej, która zawiera artykuly, filmy instruktazowe oraz czesto zadawane pytania (FAQ), pomagajace rozwiazac najczestsze problemy.', NULL, 0)
SET IDENTITY_INSERT [Faqs] OFF

-- MATERIALS
SET IDENTITY_INSERT [Materials] ON
INSERT INTO [Materials] ([Id], [Name], [State]) VALUES (1, N'Wstęp do Programowania w Pythonie', 0)
INSERT INTO [Materials] ([Id], [Name], [State]) VALUES (2, N'Zaawansowane Techniki Projektowania UX', 0)
INSERT INTO [Materials] ([Id], [Name], [State]) VALUES (3, N'Podstawy Marketingu Internetowego', 0)
INSERT INTO [Materials] ([Id], [Name], [State]) VALUES (4, N'Przewodnik po Algorytmach w Informatyce', 0)
INSERT INTO [Materials] ([Id], [Name], [State]) VALUES (5, N'Wprowadzenie do Sztucznej Inteligencji', 0)
INSERT INTO [Materials] ([Id], [Name], [State]) VALUES (6, N'Efektywne Zarządzanie Czasem w Pracy', 0)
INSERT INTO [Materials] ([Id], [Name], [State]) VALUES (7, N'Nauka Języka Niemieckiego - Lekcja 1', 0)
INSERT INTO [Materials] ([Id], [Name], [State]) VALUES (8, N'Praktyczny Kurs Grafiki Komputerowej', 0)
INSERT INTO [Materials] ([Id], [Name], [State]) VALUES (9, N'Analiza Danych z użyciem Excela', 0)
INSERT INTO [Materials] ([Id], [Name], [State]) VALUES (10, N'Budowanie Aplikacji Webowych z Reactem', 0)
INSERT INTO [Materials] ([Id], [Name], [State]) VALUES (11, N'Podstawy HTML5 i CSS3', 0)
INSERT INTO [Materials] ([Id], [Name], [State]) VALUES (12, N'Tworzenie Aplikacji Mobilnych w React Native', 0)
INSERT INTO [Materials] ([Id], [Name], [State]) VALUES (13, N'Kurs SQL: Podstawy i Zaawansowane Techniki', 0)
INSERT INTO [Materials] ([Id], [Name], [State]) VALUES (14, N'Bezpieczeństwo w Sieci: Ochrona przed Cyberzagrożeniami', 0)
INSERT INTO [Materials] ([Id], [Name], [State]) VALUES (15, N'Podstawy Programowania w Javie', 0)
INSERT INTO [Materials] ([Id], [Name], [State]) VALUES (16, N'Zarządzanie Chmurą: AWS vs Azure', 0)
INSERT INTO [Materials] ([Id], [Name], [State]) VALUES (17, N'Wprowadzenie do Testowania Oprogramowania', 0)
SET IDENTITY_INSERT [Materials] OFF

-- FILES
SET IDENTITY_INSERT [Files] ON
INSERT INTO [Files] ([Id], [Name], [Type], [Source], [State]) VALUES (1, N'1529301479.2217.jpg', N'image/jpeg', N'.\.\Files\96e38e64-cc6c-4950-b322-42b7604513ac_1529301479.2217.jpg', 0)
INSERT INTO [Files] ([Id], [Name], [Type], [Source], [State]) VALUES (2, N'Ryc.-1-1.png', N'image/png', N'.\.\Files\65999e19-8591-480d-87a3-b287919edb25_Ryc.-1-1.png', 0)
INSERT INTO [Files] ([Id], [Name], [Type], [Source], [State]) VALUES (3, N'Engineering_large.jpg', N'image/jpeg', N'.\.\Files\014dad7c-db21-4884-b65a-b02619d5f3be_Engineering_large.jpg', 0)
INSERT INTO [Files] ([Id], [Name], [Type], [Source], [State]) VALUES (4, N'Wprowadzenie do języka Python.pdf', N'application/pdf', N'.\.\Files\77a41432-98f3-40c9-b5f7-5addd6a13640_Wprowadzenie do języka Python.pdf', 0)
INSERT INTO [Files] ([Id], [Name], [Type], [Source], [State]) VALUES (5, N'Wprowadzenie do języka Python.pdf', N'application/pdf', N'.\.\Files\eb13b886-13ca-43a6-bf7a-5be2e189b369_Wprowadzenie do języka Python.pdf', 0)
INSERT INTO [Files] ([Id], [Name], [Type], [Source], [State]) VALUES (6, N'E-book-Dobre-praktyki-UX-UI.pdf', N'application/pdf', N'.\.\Files\182f94da-984f-40d4-b84e-f08b7c68dd29_E-book-Dobre-praktyki-UX-UI.pdf', 0)
INSERT INTO [Files] ([Id], [Name], [Type], [Source], [State]) VALUES (7, N'e-commerce_poradnik_marketing_online.pdf', N'application/pdf', N'.\.\Files\16843565-7a48-4d9b-998d-b8dcf6d85d4b_e-commerce_poradnik_marketing_online.pdf', 0)
INSERT INTO [Files] ([Id], [Name], [Type], [Source], [State]) VALUES (8, N'Algorytmy-i-struktury-danych.-Cwiczenia.pdf', N'application/pdf', N'.\.\Files\d99ccba1-be82-4abe-8307-ea1b4823eca7_Algorytmy-i-struktury-danych.-Cwiczenia.pdf', 0)
INSERT INTO [Files] ([Id], [Name], [Type], [Source], [State]) VALUES (9, N'podręcznik_algorytmy.pdf', N'application/pdf', N'.\.\Files\f2f2b372-2401-45ff-85ce-acfe8f727ccc_podręcznik_algorytmy.pdf', 0)
INSERT INTO [Files] ([Id], [Name], [Type], [Source], [State]) VALUES (10, N'WDI-WprowadzenieDoAlgorytmiki.pdf', N'application/pdf', N'.\.\Files\859cfaec-6cee-4982-9dd1-68fcf3d2bcab_WDI-WprowadzenieDoAlgorytmiki.pdf', 0)
INSERT INTO [Files] ([Id], [Name], [Type], [Source], [State]) VALUES (11, N'ai_tech_Wpro_SI_W4_podstawy_ml.pdf', N'application/pdf', N'.\.\Files\b1b4ea71-29b7-4744-b763-928cdd1836ac_ai_tech_Wpro_SI_W4_podstawy_ml.pdf', 0)
INSERT INTO [Files] ([Id], [Name], [Type], [Source], [State]) VALUES (12, N'AI_Wstep_14.pdf', N'application/pdf', N'.\.\Files\deb5a810-a304-4cd8-9855-a7123ce5d639_AI_Wstep_14.pdf', 0)
INSERT INTO [Files] ([Id], [Name], [Type], [Source], [State]) VALUES (13, N'1.4.-M.-Gorustowicz-Efektywne-zarzadzanie-czasem-pracownika-–-wybrane-zagadnienia.pdf', N'application/pdf', N'.\.\Files\02cc5e56-7f71-442c-9d44-edb117f74556_1.4.-M.-Gorustowicz-Efektywne-zarzadzanie-czasem-pracownika-–-wybrane-zagadnienia.pdf', 0)
INSERT INTO [Files] ([Id], [Name], [Type], [Source], [State]) VALUES (14, N'Olejniczak_EFEKTYWNE-ZARZADZANIE-CZASEM-WYBRANE-ZAGADNIENIA.pdf', N'application/pdf', N'.\.\Files\309e787c-d384-4e76-883c-55ac7ae7a14d_Olejniczak_EFEKTYWNE-ZARZADZANIE-CZASEM-WYBRANE-ZAGADNIENIA.pdf', 0)
INSERT INTO [Files] ([Id], [Name], [Type], [Source], [State]) VALUES (15, N'gramatyka-niemiecka-A1-A2.pdf', N'application/pdf', N'.\.\Files\bba5771c-759f-4fdf-88fe-b1f281ac7771_gramatyka-niemiecka-A1-A2.pdf', 0)
INSERT INTO [Files] ([Id], [Name], [Type], [Source], [State]) VALUES (16, N'niemiecki_slownictwo1_sample.pdf', N'application/pdf', N'.\.\Files\30a5ec5a-1033-4223-a0a1-9ca3da5b19a8_niemiecki_slownictwo1_sample.pdf', 0)
INSERT INTO [Files] ([Id], [Name], [Type], [Source], [State]) VALUES (17, N'grafika.pdf', N'application/pdf', N'.\.\Files\77351534-c231-4bb1-b75d-ffd6737f98c1_grafika.pdf', 0)
INSERT INTO [Files] ([Id], [Name], [Type], [Source], [State]) VALUES (18, N'Program_Analiza_danych_w_MS_Excel.pdf', N'application/pdf', N'.\.\Files\30337597-d06d-4e0b-a376-8c21ef38e713_Program_Analiza_danych_w_MS_Excel.pdf', 0)
INSERT INTO [Files] ([Id], [Name], [Type], [Source], [State]) VALUES (19, N'analiza-i-prezentacja-danych-w-microsoft-excel-vademecum-walkenbacha-michael-alexander-john-walkenbach.pdf', N'application/pdf', N'.\.\Files\8ed1d92e-f8de-40d5-b922-0e013c3f7e22_analiza-i-prezentacja-danych-w-microsoft-excel-vademecum-walkenbacha-michael-alexander-john-walkenbach.pdf', 0)
INSERT INTO [Files] ([Id], [Name], [Type], [Source], [State]) VALUES (20, N'react-w-dzialaniu-tworzenie-aplikacji-internetowych-stoyan-stefanov.pdf', N'application/pdf', N'.\.\Files\5f45a614-61f1-4649-a39a-ea0e4920813c_react-w-dzialaniu-tworzenie-aplikacji-internetowych-stoyan-stefanov.pdf', 0)
INSERT INTO [Files] ([Id], [Name], [Type], [Source], [State]) VALUES (21, N'responsive-web-design-projektowanie-elastycznych-witryn-w-html5-i-css3-ben-frain.pdf', N'application/pdf', N'.\.\Files\0bdb6997-b19f-4f6f-b4fb-7a52a8c812a8_responsive-web-design-projektowanie-elastycznych-witryn-w-html5-i-css3-ben-frain.pdf', 0)
INSERT INTO [Files] ([Id], [Name], [Type], [Source], [State]) VALUES (22, N'react-native-tworzenie-aplikacji-mobilnych-w-jezyku-javascript-wydanie-ii-bonnie-eisenman.pdf', N'application/pdf', N'.\.\Files\17059b32-10c4-45da-bd34-635e3c69666e_react-native-tworzenie-aplikacji-mobilnych-w-jezyku-javascript-wydanie-ii-bonnie-eisenman.pdf', 0)
INSERT INTO [Files] ([Id], [Name], [Type], [Source], [State]) VALUES (23, N'sql.pdf', N'application/pdf', N'.\.\Files\4d4fa8f5-742e-4a29-9163-876950b6e749_sql.pdf', 0)
INSERT INTO [Files] ([Id], [Name], [Type], [Source], [State]) VALUES (24, N'pobrane (1).jpg', N'image/jpeg', N'.\.\Files\ca5202ae-e441-470d-8ee2-e68a091a06be_pobrane (1).jpg', 0)
INSERT INTO [Files] ([Id], [Name], [Type], [Source], [State]) VALUES (25, N'pobrane (2).jpg', N'image/jpeg', N'.\.\Files\ebe2b0c7-7657-4a3f-bec5-517815cc6cfa_pobrane (2).jpg', 0)
INSERT INTO [Files] ([Id], [Name], [Type], [Source], [State]) VALUES (26, N'pobrane.png', N'image/png', N'.\.\Files\40c6a255-f1bd-4920-81e3-999e2da47a03_pobrane.png', 0)
INSERT INTO [Files] ([Id], [Name], [Type], [Source], [State]) VALUES (27, N'8ohffle7awy01.webp', N'image/webp', N'.\.\Files\7bdf8c17-c402-4eca-8bde-38e2ac288c2b_8ohffle7awy01.webp', 0)
INSERT INTO [Files] ([Id], [Name], [Type], [Source], [State]) VALUES (28, N'pobrane.jpg', N'image/jpeg', N'.\.\Files\0ff47cd1-0a91-4c67-94d2-c1001d72fafa_pobrane.jpg', 0)
INSERT INTO [Files] ([Id], [Name], [Type], [Source], [State]) VALUES (29, N'Trzecia Konferencja Kół Naukowych w ramach Politechnicznej Sieci Via Carpatia im. Prezydenta RP Lecha Kaczyńskiego.pdf', N'application/pdf', N'.\.\Files\9aa3d91d-67fc-4a41-bc8a-5250f4774c59_Trzecia Konferencja Kół Naukowych w ramach Politechnicznej Sieci Via Carpatia im. Prezydenta RP Lecha Kaczyńskiego.pdf', 0)
SET IDENTITY_INSERT [Files] OFF

-- FILE IN MATERIALS
INSERT INTO [FileInMaterials] ([MaterialId], [FileId], [State]) VALUES (14, 1, 0)
INSERT INTO [FileInMaterials] ([MaterialId], [FileId], [State]) VALUES (14, 2, 0)
INSERT INTO [FileInMaterials] ([MaterialId], [FileId], [State]) VALUES (14, 3, 0)
INSERT INTO [FileInMaterials] ([MaterialId], [FileId], [State]) VALUES (1, 4, 0)
INSERT INTO [FileInMaterials] ([MaterialId], [FileId], [State]) VALUES (2, 5, 0)
INSERT INTO [FileInMaterials] ([MaterialId], [FileId], [State]) VALUES (2, 6, 0)
INSERT INTO [FileInMaterials] ([MaterialId], [FileId], [State]) VALUES (3, 7, 0)
INSERT INTO [FileInMaterials] ([MaterialId], [FileId], [State]) VALUES (4, 8, 0)
INSERT INTO [FileInMaterials] ([MaterialId], [FileId], [State]) VALUES (4, 9, 0)
INSERT INTO [FileInMaterials] ([MaterialId], [FileId], [State]) VALUES (4, 10, 0)
INSERT INTO [FileInMaterials] ([MaterialId], [FileId], [State]) VALUES (5, 11, 0)
INSERT INTO [FileInMaterials] ([MaterialId], [FileId], [State]) VALUES (5, 12, 0)
INSERT INTO [FileInMaterials] ([MaterialId], [FileId], [State]) VALUES (6, 13, 0)
INSERT INTO [FileInMaterials] ([MaterialId], [FileId], [State]) VALUES (6, 14, 0)
INSERT INTO [FileInMaterials] ([MaterialId], [FileId], [State]) VALUES (7, 15, 0)
INSERT INTO [FileInMaterials] ([MaterialId], [FileId], [State]) VALUES (7, 16, 0)
INSERT INTO [FileInMaterials] ([MaterialId], [FileId], [State]) VALUES (8, 17, 0)
INSERT INTO [FileInMaterials] ([MaterialId], [FileId], [State]) VALUES (9, 18, 0)
INSERT INTO [FileInMaterials] ([MaterialId], [FileId], [State]) VALUES (9, 19, 0)
INSERT INTO [FileInMaterials] ([MaterialId], [FileId], [State]) VALUES (10, 20, 0)
INSERT INTO [FileInMaterials] ([MaterialId], [FileId], [State]) VALUES (11, 21, 0)
INSERT INTO [FileInMaterials] ([MaterialId], [FileId], [State]) VALUES (12, 22, 0)
INSERT INTO [FileInMaterials] ([MaterialId], [FileId], [State]) VALUES (13, 23, 0)
INSERT INTO [FileInMaterials] ([MaterialId], [FileId], [State]) VALUES (15, 24, 0)
INSERT INTO [FileInMaterials] ([MaterialId], [FileId], [State]) VALUES (15, 25, 0)
INSERT INTO [FileInMaterials] ([MaterialId], [FileId], [State]) VALUES (15, 26, 0)
INSERT INTO [FileInMaterials] ([MaterialId], [FileId], [State]) VALUES (15, 27, 0)
INSERT INTO [FileInMaterials] ([MaterialId], [FileId], [State]) VALUES (15, 28, 0)
INSERT INTO [FileInMaterials] ([MaterialId], [FileId], [State]) VALUES (17, 29, 0)

-- SCHOOLINGS
SET IDENTITY_INSERT [Schoolings] ON
INSERT INTO [Schoolings] ([Id], [CreatorId], [CategoryId], [Title], [Description], [Priority], [State]) VALUES (1, N'437d2b01-ed58-4fcf-931a-08dd3251ce0a', 1, N'Zaawansowane Techniki Programowania w Pythonie', N'Szkolenie dla doświadczonych programistów, które zagłębia się w zaawansowane techniki programowania w języku Python. Kurs obejmuje tematy takie jak optymalizacja kodu, wielowątkowość, programowanie asynchroniczne oraz wykorzystanie bibliotek do analizy danych.', 1, 0)
INSERT INTO [Schoolings] ([Id], [CreatorId], [CategoryId], [Title], [Description], [Priority], [State]) VALUES (2, N'437d2b01-ed58-4fcf-931a-08dd3251ce0a', 11, N'Podstawy Marketingu Cyfrowego', N'Szkolenie dla osób, które chcą zdobyć podstawową wiedzę na temat marketingu w internecie. Kurs obejmuje zagadnienia takie jak SEO, SEM, marketing w mediach społecznościowych i email marketing.,', 2, 0)
INSERT INTO [Schoolings] ([Id], [CreatorId], [CategoryId], [Title], [Description], [Priority], [State]) VALUES (3, N'437d2b01-ed58-4fcf-931a-08dd3251ce0a', 5, N'Zarządzanie Projektami IT', N'Szkolenie przeznaczone dla osób chcących nauczyć się efektywnego zarządzania projektami IT. Kurs obejmuje metodologie Agile, Scrum oraz narzędzia do monitorowania postępu prac i zarządzania zespołami.', 3, 0)
INSERT INTO [Schoolings] ([Id], [CreatorId], [CategoryId], [Title], [Description], [Priority], [State]) VALUES (4, N'437d2b01-ed58-4fcf-931a-08dd3251ce0a', 7, N'Bezpieczeństwo w Internecie dla Firm', N'Szkolenie skierowane do pracowników firm, które uczą się o zagrożeniach w sieci i sposobach ich unikania. Kurs obejmuje tematy związane z zabezpieczaniem danych, ochroną przed atakami i politykami bezpieczeństwa.', 1, 0)
INSERT INTO [Schoolings] ([Id], [CreatorId], [CategoryId], [Title], [Description], [Priority], [State]) VALUES (5, N'437d2b01-ed58-4fcf-931a-08dd3251ce0a', 12, N'Zarządzanie Zasobami Ludzkimi w Przedsiębiorstwie', N'Szkolenie dla menedżerów HR, którzy chcą rozwijać swoje umiejętności w zakresie zarządzania pracownikami, rekrutacji, szkoleń oraz motywowania zespołów. Kurs omawia również aspekty prawne związane z zatrudnieniem.', 2, 0)
INSERT INTO [Schoolings] ([Id], [CreatorId], [CategoryId], [Title], [Description], [Priority], [State]) VALUES (6, N'437d2b01-ed58-4fcf-931a-08dd3251ce0a', 4, N'Podstawy UX/UI Design', N'Szkolenie dla osób, które chcą zdobyć wiedzę na temat projektowania doświadczeń użytkownika (UX) oraz interfejsów użytkownika (UI). Kurs dostarcza fundamentów w zakresie tworzenia przyjaznych i intuicyjnych interfejsów, które zapewniają użytkownikom pozytywne wrażenia. Uczestnicy zapoznają się z zasadami projektowania UX, takimi jak użyteczność, dostępność, analiza potrzeb użytkowników, tworzenie person użytkowników oraz testowanie użyteczności. Kurs obejmuje także projektowanie interfejsów UI z naciskiem na estetykę, responsywność oraz zgodność z trendami i najlepszymi praktykami projektowymi. Dzięki temu szkoleniu uczestnicy będą w stanie stworzyć nowoczesne aplikacje i strony internetowe, które spełniają oczekiwania użytkowników oraz wyróżniają się na tle konkurencji.', 3, 0)
INSERT INTO [Schoolings] ([Id], [CreatorId], [CategoryId], [Title], [Description], [Priority], [State]) VALUES (7, N'437d2b01-ed58-4fcf-931a-08dd3251ce0a', 9, N'Zaawansowane Techniki Wyszukiwania i Analizy Danych', N'Szkolenie skierowane do analityków danych oraz specjalistów IT, którzy pragną poszerzyć swoje umiejętności w zakresie zaawansowanego przetwarzania danych. Program kursu obejmuje takie tematy jak analiza dużych zbiorów danych przy użyciu narzędzi takich jak Python i R, techniki wyszukiwania z wykorzystaniem baz danych SQL i NoSQL, a także tworzenie zaawansowanych algorytmów wyszukiwania i filtrowania informacji. Uczestnicy poznają także narzędzia do analizy wizualnej, jak Power BI i Tableau, oraz metodologię uczenia maszynowego, która pozwala na automatyzację procesów analitycznych. Kurs kończy się praktycznymi projektami, w ramach których uczestnicy zastosują zdobytą wiedzę do rozwiązywania rzeczywistych problemów związanych z analizą danych.', 2, 0)
INSERT INTO [Schoolings] ([Id], [CreatorId], [CategoryId], [Title], [Description], [Priority], [State]) VALUES (8, N'437d2b01-ed58-4fcf-931a-08dd3251ce0a', 4, N'Zarządzanie Ryzykiem w Firmie', N'Szkolenie przeznaczone dla menedżerów, którzy chcą zdobyć wiedzę na temat skutecznego zarządzania ryzykiem w organizacjach. Kurs obejmuje szeroki zakres tematów, takich jak identyfikacja i ocena ryzyka, metody minimalizacji ryzyk operacyjnych, finansowych i strategicznych, a także zarządzanie ryzykiem w projektach. Uczestnicy zapoznają się z narzędziami do analizy ryzyka, takimi jak matryce ryzyka, oraz nauczą się, jak wprowadzać odpowiednie procedury zarządzania ryzykiem w różnych obszarach działalności firmy. Kurs porusza również aspekty zarządzania kryzysowego oraz monitorowania ryzyka w czasie rzeczywistym, aby móc szybko reagować na pojawiające się zagrożenia. Wiedza ta pozwala firmom utrzymać stabilność i długoterminowy rozwój, pomimo zmieniających się warunków rynkowych.', 3, 0)
INSERT INTO [Schoolings] ([Id], [CreatorId], [CategoryId], [Title], [Description], [Priority], [State]) VALUES (9, N'437d2b01-ed58-4fcf-931a-08dd3251ce0a', 3, N'Wprowadzenie do Programowania w JavaScript', N'Kurs skierowany do osób, które chcą nauczyć się podstaw programowania w jednym z najpopularniejszych języków na świecie – JavaScript. Szkolenie obejmuje podstawy składni języka, takie jak zmienne, pętle, funkcje, tablice oraz obiekty, a także bardziej zaawansowane tematy, takie jak manipulowanie DOM-em, asynchroniczność w JavaScript i używanie frameworków jak React. Uczestnicy kursu dowiedzą się również, jak tworzyć interaktywne strony internetowe, jak używać bibliotek do zarządzania stanem aplikacji i jak integrować aplikacje z zewnętrznymi API. Kurs jest idealny dla osób początkujących, które pragną poznać JavaScript i rozpocząć swoją karierę w tworzeniu aplikacji webowych.', 1, 0)
SET IDENTITY_INSERT [Schoolings] OFF

-- SCHOOLING PARTS
SET IDENTITY_INSERT [SchoolingParts] ON
INSERT INTO [SchoolingParts] ([Id], [SchoolingId], [Name], [Content], [State]) VALUES (1, 1, N'Wprowadzenie do Programowania Obiektowego w Pythonie', N'W tej części kursu uczestnicy zapoznają się z podstawami programowania obiektowego w Pythonie. Omówimy klasy, obiekty, dziedziczenie oraz polimorfizm. Kurs pokaże, jak organizować kod w sposób modularny, tworzyć hierarchie klas i korzystać z właściwości obiektów. Uczestnicy nauczą się również jak za pomocą Python implementować i wykorzystywać wzorce projektowe, co umożliwia tworzenie bardziej zaawansowanych aplikacji.', 0)
INSERT INTO [SchoolingParts] ([Id], [SchoolingId], [Name], [Content], [State]) VALUES (2, 1, N'Optymalizacja i Wydajność Pythona', N'W tej części kursu uczestnicy poznają techniki optymalizacji kodu w Pythonie, w tym zarządzanie pamięcią, profilowanie aplikacji i używanie bibliotek do przyspieszania obliczeń, takich jak NumPy. Omówimy również zasady dobrego kodowania, które pozwolą na pisanie bardziej wydajnych i skalowalnych aplikacji. Celem jest zrozumienie, jak uniknąć typowych pułapek w Pythonie, które mogą wpływać na wydajność aplikacji.', 0)
INSERT INTO [SchoolingParts] ([Id], [SchoolingId], [Name], [Content], [State]) VALUES (3, 2, N'SEO i SEM – Wprowadzenie do Optymalizacji', N'W tej części kursu omówimy podstawy SEO (Search Engine Optimization) oraz SEM (Search Engine Marketing). Uczestnicy dowiedzą się, jak poprawnie zoptymalizować stronę internetową, aby zwiększyć jej widoczność w wyszukiwarkach internetowych. Omówimy także narzędzia i strategie reklamowe, takie jak Google Ads, które umożliwiają efektywne pozycjonowanie stron oraz generowanie ruchu na stronie. Celem jest zrozumienie podstawowych zasad marketingu w wyszukiwarkach oraz sposobów na optymalizację treści pod kątem algorytmów Google.', 0)
INSERT INTO [SchoolingParts] ([Id], [SchoolingId], [Name], [Content], [State]) VALUES (4, 2, N'Media Społecznościowe i E-mail Marketing', N'Celem tej części kursu jest zapoznanie uczestników z podstawami marketingu na mediach społecznościowych oraz strategii e-mail marketingowej. Kurs obejmuje tematykę tworzenia skutecznych kampanii reklamowych na Facebooku, Instagramie, LinkedIn oraz Twitterze. Dodatkowo uczestnicy dowiedzą się, jak budować listy mailingowe, tworzyć wartościowe treści do wysyłki oraz jak analizować efektywność kampanii e-mailowych za pomocą narzędzi takich jak MailChimp.', 0)
INSERT INTO [SchoolingParts] ([Id], [SchoolingId], [Name], [Content], [State]) VALUES (5, 3, N'Planowanie Projektu IT', N'W tej części kursu uczestnicy nauczą się, jak efektywnie planować projekty IT. Omówimy tworzenie harmonogramów, przypisywanie zasobów do zadań, analizę ryzyka oraz ustalanie budżetów. Uczestnicy dowiedzą się, jak przygotować kompleksowy plan projektu, który będzie stanowił fundament do skutecznej realizacji projektu IT. Kurs zawiera również omówienie metodologii takich jak Agile i Waterfall oraz ich zastosowanie w praktyce.', 0)
INSERT INTO [SchoolingParts] ([Id], [SchoolingId], [Name], [Content], [State]) VALUES (6, 3, N'Monitorowanie i Raportowanie Postępu Projektu', N'Ta część kursu koncentruje się na technikach monitorowania i raportowania postępu projektu IT. Uczestnicy dowiedzą się, jak używać narzędzi do zarządzania projektami (np. Jira, Asana) do śledzenia postępu, zarządzania zadaniami i komunikowania się z zespołem. Kurs pokaże, jak przygotować raporty postępu, identyfikować potencjalne problemy oraz jak dokonywać korekt w planie projektowym, aby projekt przebiegał zgodnie z harmonogramem.', 0)
INSERT INTO [SchoolingParts] ([Id], [SchoolingId], [Name], [Content], [State]) VALUES (7, 4, N'Ochrona Przed Cyberzagrożeniami', N'W tej części kursu uczestnicy zapoznają się z zagrożeniami związanymi z cyberprzestępczością i dowiedzą się, jak chronić firmowe systemy przed atakami. Omówimy rodzaje cyberataków, takie jak phishing, ransomware, ataki DDoS oraz zagrożenia związane z oprogramowaniem złośliwym. Kurs skupi się na metodach ochrony przed tymi zagrożeniami, takich jak używanie zapór sieciowych, oprogramowania antywirusowego oraz szyfrowanie danych.', 0)
INSERT INTO [SchoolingParts] ([Id], [SchoolingId], [Name], [Content], [State]) VALUES (8, 4, N'Ochrona Danych i Zgodność z RODO', N'Celem tej części kursu jest zapoznanie uczestników z podstawowymi zasadami ochrony danych osobowych oraz wymogami wynikającymi z rozporządzenia RODO. Omówimy, jak wdrożyć polityki ochrony danych w firmie, jak zarządzać dostępem do informacji oraz jak przechowywać dane w sposób zgodny z przepisami prawa. Uczestnicy dowiedzą się, jak przeprowadzać audyty zgodności z RODO i jakie procedury należy wdrożyć, aby zapewnić bezpieczeństwo danych osobowych.', 0)
INSERT INTO [SchoolingParts] ([Id], [SchoolingId], [Name], [Content], [State]) VALUES (9, 5, N'Rekrutacja i Selekcja Pracowników', N'W tej części kursu uczestnicy nauczą się skutecznych metod rekrutacji i selekcji pracowników. Omówimy proces tworzenia ogłoszeń rekrutacyjnych, przeprowadzania rozmów kwalifikacyjnych oraz oceniania kompetencji kandydatów. Kurs skupi się również na narzędziach i technikach, które pomagają w znalezieniu odpowiednich osób na określone stanowiska w firmie. Uczestnicy dowiedzą się, jak zwiększyć efektywność procesu rekrutacji, minimalizując ryzyko błędów w selekcji.', 0)
INSERT INTO [SchoolingParts] ([Id], [SchoolingId], [Name], [Content], [State]) VALUES (10, 5, N'Motywowanie i Rozwój Pracowników', N'Ta część kursu koncentruje się na technikach motywowania pracowników oraz strategiach wspierania ich rozwoju zawodowego. Omówimy metody oceny efektywności pracy, jak tworzyć plany rozwoju kariery oraz jak wdrażać programy szkoleń i mentoringu. Kurs pokaże, jak skutecznie motywować zespół, aby osiągać lepsze wyniki i zwiększać zaangażowanie pracowników w życie firmy.', 0)
INSERT INTO [SchoolingParts] ([Id], [SchoolingId], [Name], [Content], [State]) VALUES (11, 6, N'Badania UX i Testowanie Użyteczności', N'W tej części kursu uczestnicy nauczą się, jak przeprowadzać badania użytkowników, testowanie użyteczności oraz analizować wyniki. Omówimy metodyki takie jak testy A/B, wywiady z użytkownikami, mapowanie ścieżek użytkownika i analiza danych. Uczestnicy dowiedzą się, jak stosować te techniki w praktyce, aby poprawić doświadczenie użytkowników w aplikacjach mobilnych oraz stronach internetowych.', 0)
INSERT INTO [SchoolingParts] ([Id], [SchoolingId], [Name], [Content], [State]) VALUES (12, 6, N'Projektowanie Interfejsów – Podstawy UI', N'Część ta koncentruje się na projektowaniu interfejsów użytkownika (UI), w tym na tworzeniu estetycznych i intuicyjnych układów graficznych. Kurs obejmuje zagadnienia związane z typografią, kolorystyką, rozmieszczeniem elementów oraz tworzeniem responsywnych interfejsów, które dobrze wyglądają na różnych urządzeniach. Uczestnicy poznają również narzędzia takie jak Adobe XD, Figma czy Sketch, które pomagają w projektowaniu interfejsów.', 0)
SET IDENTITY_INSERT [SchoolingParts] OFF

-- MATERIALS SCHOOLING PARTS
INSERT INTO [MaterialsSchoolingParts] ([MaterialsId], [SchoolingPartId], [State]) VALUES (1, 1, 0)
INSERT INTO [MaterialsSchoolingParts] ([MaterialsId], [SchoolingPartId], [State]) VALUES (3, 3, 0)
INSERT INTO [MaterialsSchoolingParts] ([MaterialsId], [SchoolingPartId], [State]) VALUES (4, 2, 0)
INSERT INTO [MaterialsSchoolingParts] ([MaterialsId], [SchoolingPartId], [State]) VALUES (6, 5, 0)
INSERT INTO [MaterialsSchoolingParts] ([MaterialsId], [SchoolingPartId], [State]) VALUES (8, 11, 0)
INSERT INTO [MaterialsSchoolingParts] ([MaterialsId], [SchoolingPartId], [State]) VALUES (9, 6, 0)
INSERT INTO [MaterialsSchoolingParts] ([MaterialsId], [SchoolingPartId], [State]) VALUES (9, 9, 0)
INSERT INTO [MaterialsSchoolingParts] ([MaterialsId], [SchoolingPartId], [State]) VALUES (10, 12, 0)
INSERT INTO [MaterialsSchoolingParts] ([MaterialsId], [SchoolingPartId], [State]) VALUES (11, 11, 0)
INSERT INTO [MaterialsSchoolingParts] ([MaterialsId], [SchoolingPartId], [State]) VALUES (12, 12, 0)
INSERT INTO [MaterialsSchoolingParts] ([MaterialsId], [SchoolingPartId], [State]) VALUES (14, 7, 0)
INSERT INTO [MaterialsSchoolingParts] ([MaterialsId], [SchoolingPartId], [State]) VALUES (17, 11, 0)


-- SCHOOLING USERS
INSERT INTO [SchoolingsUsers] ([NewbieId], [SchoolingId], [State]) VALUES (N'7fd8c6b5-9199-49b5-931d-08dd3251ce0a', 1, 0)
INSERT INTO [SchoolingsUsers] ([NewbieId], [SchoolingId], [State]) VALUES (N'7fd8c6b5-9199-49b5-931d-08dd3251ce0a', 2, 0)
INSERT INTO [SchoolingsUsers] ([NewbieId], [SchoolingId], [State]) VALUES (N'7fd8c6b5-9199-49b5-931d-08dd3251ce0a', 3, 0)
INSERT INTO [SchoolingsUsers] ([NewbieId], [SchoolingId], [State]) VALUES (N'7fd8c6b5-9199-49b5-931d-08dd3251ce0a', 4, 0)
INSERT INTO [SchoolingsUsers] ([NewbieId], [SchoolingId], [State]) VALUES (N'7fd8c6b5-9199-49b5-931d-08dd3251ce0a', 5, 0)
INSERT INTO [SchoolingsUsers] ([NewbieId], [SchoolingId], [State]) VALUES (N'd5636dcb-3d4f-4e2d-931e-08dd3251ce0a', 6, 0)
INSERT INTO [SchoolingsUsers] ([NewbieId], [SchoolingId], [State]) VALUES (N'd5636dcb-3d4f-4e2d-931e-08dd3251ce0a', 7, 0)
INSERT INTO [SchoolingsUsers] ([NewbieId], [SchoolingId], [State]) VALUES (N'd5636dcb-3d4f-4e2d-931e-08dd3251ce0a', 8, 0)
INSERT INTO [SchoolingsUsers] ([NewbieId], [SchoolingId], [State]) VALUES (N'd5636dcb-3d4f-4e2d-931e-08dd3251ce0a', 9, 0)


-- TASK CONTENTS
SET IDENTITY_INSERT [TaskContents] ON
INSERT INTO [TaskContents] ([Id], [CreatorId], [CategoryId], [MaterialsId], [Title], [Description]) VALUES (1, '437d2b01-ed58-4fcf-931a-08dd3251ce0a', 1, 1, N'Podstawy Pythona', N'Wprowadzenie do podstaw programowania w Pythonie.');
INSERT INTO [TaskContents] ([Id], [CreatorId], [CategoryId], [MaterialsId], [Title], [Description]) VALUES (2, '437d2b01-ed58-4fcf-931a-08dd3251ce0a', 4, 9, N'Analiza danych w Excelu', N'Podstawy analizy danych z użyciem Excela.');
INSERT INTO [TaskContents] ([Id], [CreatorId], [CategoryId], [MaterialsId], [Title], [Description]) VALUES (3, '437d2b01-ed58-4fcf-931a-08dd3251ce0a', 5, 17, N'Testowanie Oprogramowania', N'Wprowadzenie do testowania oprogramowania.');
INSERT INTO [TaskContents] ([Id], [CreatorId], [CategoryId], [MaterialsId], [Title], [Description]) VALUES (4, '30943099-da50-4271-931c-08dd3251ce0a', 2, 2, N'Zasady UX', N'Zrozumienie kluczowych zasad projektowania UX.');
INSERT INTO [TaskContents] ([Id], [CreatorId], [CategoryId], [MaterialsId], [Title], [Description]) VALUES (5, '30943099-da50-4271-931c-08dd3251ce0a', 2, 8, N'Grafika komputerowa', N'Podstawy grafiki komputerowej.');
INSERT INTO [TaskContents] ([Id], [CreatorId], [CategoryId], [MaterialsId], [Title], [Description]) VALUES (6, '30943099-da50-4271-931c-08dd3251ce0a', 3, 3, N'Podstawy Marketingu', N'Podstawowe techniki marketingu internetowego.');
INSERT INTO [TaskContents] ([Id], [CreatorId], [CategoryId], [MaterialsId], [Title], [Description]) VALUES (7, '30943099-da50-4271-931c-08dd3251ce0a', 3, 14, N'Bezpieczeństwo w Sieci', N'Ochrona przed cyberzagrożeniami.');
INSERT INTO [TaskContents] ([Id], [CreatorId], [CategoryId], [MaterialsId], [Title], [Description]) VALUES (8, '30943099-da50-4271-931c-08dd3251ce0a', 5, 17, N'Testowanie Oprogramowania', N'Zaawansowane testowanie oprogramowania.');
INSERT INTO [TaskContents] ([Id], [CreatorId], [CategoryId], [MaterialsId], [Title], [Description]) VALUES (9, '30943099-da50-4271-931c-08dd3251ce0a', 4, 9, N'Analiza Danych', N'Zaawansowana analiza danych w Excelu.');
SET IDENTITY_INSERT [TaskContents] OFF

-- PRESETS
SET IDENTITY_INSERT [Presets] ON
INSERT INTO [Presets] ([Id], [CreatorId], [Name]) VALUES (1, '30943099-da50-4271-931c-08dd3251ce0a', N'Training UX & Design');
INSERT INTO [Presets] ([Id], [CreatorId], [Name]) VALUES (2, '30943099-da50-4271-931c-08dd3251ce0a', N'Training Marketing');
SET IDENTITY_INSERT [Presets] OFF

-- TASK PRESETS
INSERT INTO [TaskPresets] ([PresetId], [TaskContentId]) VALUES (1, 2);
INSERT INTO [TaskPresets] ([PresetId], [TaskContentId]) VALUES (1, 3);
INSERT INTO [TaskPresets] ([PresetId], [TaskContentId]) VALUES (1, 4);
INSERT INTO [TaskPresets] ([PresetId], [TaskContentId]) VALUES (2, 5);
INSERT INTO [TaskPresets] ([PresetId], [TaskContentId]) VALUES (2, 6);
INSERT INTO [TaskPresets] ([PresetId], [TaskContentId]) VALUES (2, 7);
INSERT INTO [TaskPresets] ([PresetId], [TaskContentId]) VALUES (2, 7);

-- Tasks
SET IDENTITY_INSERT [Tasks] ON
INSERT INTO [Tasks] 
([ID],[NewbieId], [AssigningId], [TaskContentId], [Status], [AssignmentDate],[FINALIZATIONDATE], [DEADLINE],[SPENDTIME], [Priority], [State],[ROADMAPPOINTID],[RATE]) 
VALUES
(1, '7fd8c6b5-9199-49b5-931d-08dd3251ce0a', '30943099-da50-4271-931c-08dd3251ce0a', 1, 0, GETDATE(),NULL, NULL, 0, 1, 0, NULL, NULL),
(2, 'd5636dcb-3d4f-4e2d-931e-08dd3251ce0a', '45678901-2345-6789-0abc-def123456789', 2, 0, GETDATE(),NULL, NULL, 0, 2, 0, NULL, NULL),
(3, 'abcdef01-2345-6789-0123-456789abcdef', '78901234-5678-9012-cdef-0123456789ab', 3, 0, GETDATE(),NULL, NULL, 0, 3, 0, NULL, NULL),
(4, '34567890-1234-5678-90ab-cdef01234567', '30943099-da50-4271-931c-08dd3251ce0a', 4, 0, GETDATE(),NULL, NULL, 0, 1, 0, NULL, NULL),
(5, '67890123-4567-8901-bcde-f0123456789a', '45678901-2345-6789-0abc-def123456789', 5, 0, GETDATE(),NULL, NULL, 0, 2, 0, NULL, NULL),
(6, '7fd8c6b5-9199-49b5-931d-08dd3251ce0a', '30943099-da50-4271-931c-08dd3251ce0a', 1, 0, '2025-01-01', NULL, '2025-01-20', 0, 1, 0, NULL, NULL),
(7, 'd5636dcb-3d4f-4e2d-931e-08dd3251ce0a', '45678901-2345-6789-0abc-def123456789', 2, 0, '2025-01-02', NULL, '2025-01-21', 0, 2, 0, NULL, NULL),
(8, 'abcdef01-2345-6789-0123-456789abcdef', '78901234-5678-9012-cdef-0123456789ab', 3, 10, '2025-01-03', NULL, '2025-01-22', 3.5, 3, 0, NULL, NULL),
(9, '34567890-1234-5678-90ab-cdef01234567', '30943099-da50-4271-931c-08dd3251ce0a', 4, 10, '2025-01-04', NULL, '2025-01-23', 2.0, 1, 0, NULL, NULL),
(10,'67890123-4567-8901-bcde-f0123456789a', '45678901-2345-6789-0abc-def123456789', 5, 20, '2025-01-05', NULL, '2025-01-24', 5.0, 2, 0, NULL, NULL),
(11,'abcdef01-2345-6789-0123-456789abcdef', '78901234-5678-9012-cdef-0123456789ab', 3, 20, '2025-01-06', NULL, '2025-01-25', 4.0, 3, 0, NULL, NULL),
(12,'7fd8c6b5-9199-49b5-931d-08dd3251ce0a', '30943099-da50-4271-931c-08dd3251ce0a', 1, 30, '2025-01-07', NULL, '2025-01-26', 6.0, 1, 0, NULL, NULL),
(13,'d5636dcb-3d4f-4e2d-931e-08dd3251ce0a', '45678901-2345-6789-0abc-def123456789', 2, 30, '2025-01-08', NULL, '2025-01-27', 7.5, 2, 0, NULL, NULL),
(14,'67890123-4567-8901-bcde-f0123456789a', '45678901-2345-6789-0abc-def123456789', 5, 40, '2025-01-09', '2025-01-15', '2025-01-28', 8.0, 2, 0, NULL, NULL),
(15,'abcdef01-2345-6789-0123-456789abcdef', '78901234-5678-9012-cdef-0123456789ab', 3, 40, '2025-01-10', '2025-01-16', '2025-01-29', 9.5, 3, 0, NULL, NULL),
(16,'7fd8c6b5-9199-49b5-931d-08dd3251ce0a', '30943099-da50-4271-931c-08dd3251ce0a', 6, 0, GETDATE(), NULL, '2025-01-30', 0, 1, 0, NULL, NULL),
(17,'d5636dcb-3d4f-4e2d-931e-08dd3251ce0a', '45678901-2345-6789-0abc-def123456789', 7, 0, GETDATE(), NULL, '2025-01-31', 0,2, 0, NULL, NULL),
(18,'7fd8c6b5-9199-49b5-931d-08dd3251ce0a', '78901234-5678-9012-cdef-0123456789ab', 8, 10, GETDATE(), NULL, '2025-02-01', 0,3, 0, NULL, NULL),
(19,'67890123-4567-8901-bcde-f0123456789a', '30943099-da50-4271-931c-08dd3251ce0a', 9, 10, GETDATE(), NULL, '2025-02-02', 0,1, 0, NULL, NULL),
(20,'abcdef01-2345-6789-0123-456789abcdef', '45678901-2345-6789-0abc-def123456789', 1, 20, GETDATE(), NULL, '2025-02-03', 0,2, 0, NULL, NULL),
(21,'34567890-1234-5678-90ab-cdef01234567', '78901234-5678-9012-cdef-0123456789ab', 2, 20, GETDATE(), NULL, '2025-02-04', 0,3, 0, NULL, NULL),
(22,'67890123-4567-8901-bcde-f0123456789a', '30943099-da50-4271-931c-08dd3251ce0a', 4, 30, GETDATE(), NULL, '2025-02-05', 0,1, 0, NULL, NULL),
(23, '7fd8c6b5-9199-49b5-931d-08dd3251ce0a', '45678901-2345-6789-0abc-def123456789', 4, 30, GETDATE(), NULL, '2025-02-06', 0,2, 0, NULL, NULL),
(24, 'd5636dcb-3d4f-4e2d-931e-08dd3251ce0a', '78901234-5678-9012-cdef-0123456789ab', 5, 40, GETDATE(), '2025-01-10', '2025-02-07', 2, 3, 0, NULL, NULL),
(25, 'abcdef01-2345-6789-0123-456789abcdef', '30943099-da50-4271-931c-08dd3251ce0a', 6, 40, GETDATE(), '2025-01-11', '2025-02-08', 3, 1, 0, NULL, NULL),
(26, '34567890-1234-5678-90ab-cdef01234567', '45678901-2345-6789-0abc-def123456789', 7, 40, GETDATE(), '2025-01-12', '2025-02-09', 4,2, 0, NULL, NULL),
(27, '67890123-4567-8901-bcde-f0123456789a', '78901234-5678-9012-cdef-0123456789ab', 8, 40, GETDATE(), '2025-01-13', '2025-02-10', 2,3, 0, NULL, NULL);
SET IDENTITY_INSERT [Tasks] OFF

SET IDENTITY_INSERT [Feedbacks] ON
INSERT INTO [Feedbacks] ([Id], [SenderId], [ReceiverId], [Title], [Description], [ResourceType], [ResourceId], [CreatedDate], [State]) VALUES (1, N'7fd8c6b5-9199-49b5-931d-08dd3251ce0a', N'437d2b01-ed58-4fcf-931a-08dd3251ce0a', N'Dobra robota', N'Szkolenie było bardzo pomocne i szczegółowe.', 20, 2, '2025-01-13T18:56:13', 0);
INSERT INTO [Feedbacks] ([Id], [SenderId], [ReceiverId], [Title], [Description], [ResourceType], [ResourceId], [CreatedDate], [State]) VALUES (2, N'7fd8c6b5-9199-49b5-931d-08dd3251ce0a', N'437d2b01-ed58-4fcf-931a-08dd3251ce0a', N'Przydatny materiał', N'Materiał zawierał wszystkie potrzebne informacje.', 20, 3, '2025-01-13T18:57:13', 0);
INSERT INTO [Feedbacks] ([Id], [SenderId], [ReceiverId], [Title], [Description], [ResourceType], [ResourceId], [CreatedDate], [State]) VALUES (3, N'd5636dcb-3d4f-4e2d-931e-08dd3251ce0a', N'437d2b01-ed58-4fcf-931a-08dd3251ce0a', N'Doskonałe szkolenie', N'To szkolenie było bardzo pomocne dla całego zespołu.', 20, 6, '2025-01-13T19:00:13', 0);
INSERT INTO [Feedbacks] ([Id], [SenderId], [ReceiverId], [Title], [Description], [ResourceType], [ResourceId], [CreatedDate], [State]) VALUES (4, N'd5636dcb-3d4f-4e2d-931e-08dd3251ce0a', N'437d2b01-ed58-4fcf-931a-08dd3251ce0a', N'Świetny kurs', N'Szkolenie dostarczyło pełnych i szczegółowych informacji.', 20, 9, '2025-01-13T19:03:13', 0);
INSERT INTO [Feedbacks] ([Id], [SenderId], [ReceiverId], [Title], [Description], [ResourceType], [ResourceId], [CreatedDate], [State]) VALUES (5, N'7fd8c6b5-9199-49b5-931d-08dd3251ce0a', N'437d2b01-ed58-4fcf-931a-08dd3251ce0a', N'Kompletny materiał', N'Szkolenie pokrywa wszystkie niezbędne aspekty tematu.', 20, 2, '2025-01-13T19:06:13', 0);
INSERT INTO [Feedbacks] ([Id], [SenderId], [ReceiverId], [Title], [Description], [ResourceType], [ResourceId], [CreatedDate], [State]) VALUES (6, N'7fd8c6b5-9199-49b5-931d-08dd3251ce0a', N'437d2b01-ed58-4fcf-931a-08dd3251ce0a', N'Inspirujące szkolenie', N'Materiał był bardzo inspirujący i dobrze opracowany.', 20, 5, '2025-01-13T19:09:13', 0);
INSERT INTO [Feedbacks] ([Id], [SenderId], [ReceiverId], [Title], [Description], [ResourceType], [ResourceId], [CreatedDate], [State]) VALUES (7, N'555843BB-B38F-4387-F2E2-08DD33FC8FD5', N'437d2b01-ed58-4fcf-931a-08dd3251ce0a', N'Niedokładne wyjaśnienie', N'Temat został przedstawiony, ale brakowało szczegółów.', 30, 1, '2025-01-13T18:55:13', 0);
INSERT INTO [Feedbacks] ([Id], [SenderId], [ReceiverId], [Title], [Description], [ResourceType], [ResourceId], [CreatedDate], [State]) VALUES (8, N'555843BB-B38F-4387-F2E2-08DD33FC8FD5', N'437d2b01-ed58-4fcf-931a-08dd3251ce0a', N'Wysoka jakość', N'Odpowiedź przedstawiona została na bardzo wysokim poziomie.', 30, 4, '2025-01-13T18:58:13', 0);
INSERT INTO [Feedbacks] ([Id], [SenderId], [ReceiverId], [Title], [Description], [ResourceType], [ResourceId], [CreatedDate], [State]) VALUES (9, N'555843BB-B38F-4387-F2E2-08DD33FC8FD5', N'437d2b01-ed58-4fcf-931a-08dd3251ce0a', N'Niewystarczające szczegóły', N'FAQ powinno zawierać więcej przykładów praktycznych.', 30, 7, '2025-01-13T19:01:13', 0);
INSERT INTO [Feedbacks] ([Id], [SenderId], [ReceiverId], [Title], [Description], [ResourceType], [ResourceId], [CreatedDate], [State]) VALUES (10, N'555843BB-B38F-4387-F2E2-08DD33FC8FD5', N'437d2b01-ed58-4fcf-931a-08dd3251ce0a', N'Niejasne odpowiedzi', N'Niektóre odpowiedzi w FAQ są nieprecyzyjne.', 30, 10, '2025-01-13T19:04:13', 0);
INSERT INTO [Feedbacks] ([Id], [SenderId], [ReceiverId], [Title], [Description], [ResourceType], [ResourceId], [CreatedDate], [State]) VALUES (11, N'555843BB-B38F-4387-F2E2-08DD33FC8FD5', N'437d2b01-ed58-4fcf-931a-08dd3251ce0a', N'FAQ do poprawy', N'Kilka pytań w FAQ jest nieaktualnych lub mylących.', 30, 13, '2025-01-13T19:07:13', 0);
INSERT INTO [Feedbacks] ([Id], [SenderId], [ReceiverId], [Title], [Description], [ResourceType], [ResourceId], [CreatedDate], [State]) VALUES (12, N'555843BB-B38F-4387-F2E2-08DD33FC8FD5', N'437d2b01-ed58-4fcf-931a-08dd3251ce0a', N'FAQ pomocne', N'FAQ było pomocne, ale brakuje bardziej zaawansowanych tematów.', 30, 16, '2025-01-13T19:10:13', 0);
INSERT INTO [Feedbacks] ([Id], [SenderId], [ReceiverId], [Title], [Description], [ResourceType], [ResourceId], [CreatedDate], [State]) VALUES (13, N'abcdef01-2345-6789-0123-456789abcdef', N'78901234-5678-9012-cdef-0123456789ab', N'Brak przykładów', N'Brakuje konkretnych przykładów w treści zadania.', 40, 8, '2025-01-13T19:02:13', 0);
INSERT INTO [Feedbacks] ([Id], [SenderId], [ReceiverId], [Title], [Description], [ResourceType], [ResourceId], [CreatedDate], [State]) VALUES (14, N'abcdef01-2345-6789-0123-456789abcdef', N'78901234-5678-9012-cdef-0123456789ab', N'Dobry start', N'Task dobrze wprowadza do tematu, ale wymaga rozbudowy.', 40, 11, '2025-01-13T19:05:13', 0);
INSERT INTO [Feedbacks] ([Id], [SenderId], [ReceiverId], [Title], [Description], [ResourceType], [ResourceId], [CreatedDate], [State]) VALUES (15, N'67890123-4567-8901-bcde-f0123456789a', N'45678901-2345-6789-0abc-def123456789', N'Niekompletne informacje', N'Task powinien zawierać więcej szczegółowych wskazówek.', 40, 14, '2025-01-13T19:08:13', 0);
INSERT INTO [Feedbacks] ([Id], [SenderId], [ReceiverId], [Title], [Description], [ResourceType], [ResourceId], [CreatedDate], [State]) VALUES (16, N'd5636dcb-3d4f-4e2d-931e-08dd3251ce0a', N'45678901-2345-6789-0abc-def123456789', N'Zadanie z wyzwaniem', N'Task był wymagający, ale dobrze uczył praktyki.', 40, 17, '2025-01-13T19:11:13', 0);
SET IDENTITY_INSERT [Feedbacks] OFF

